Name,Type,green gas,nongreen gas,BUURTCODE
Belgisch Park,Buurt,420.70827549609356,281.40628879397343,71
Westbroekpark,Buurt,524.6205713459838,451.34533774492536,73
Duttendel,Buurt,537.3895393013958,435.8662746520926,74
Nassaubuurt,Buurt,532.00544901326,400.30224329443234,48
Uilennest,Buurt,441.8362234873824,348.7590146078557,75
Duinzigt,Buurt,540.592029376438,493.17550569370235,76
Waalsdorp,Buurt,471.27439596562846,351.0615620396209,77
Arendsdorp,Buurt,455.79872353276244,353.0901653561265,78
Van Hoytemastraat en omgeving,Buurt,464.42546691485836,334.727075458023,79
Archipelbuurt,Buurt,453.78105257965007,340.57960315805485,46
Van Stolkpark en Scheveningse Bosjes,Buurt,466.5675763098748,401.7876868480199,5
Oud Scheveningen,Buurt,386.54761396970105,240.57567370153185,1
Vissershaven,Buurt,315.4093547413667,200.32098233728496,2
Scheveningen Badplaats,Buurt,449.6140451530443,275.15404390075906,3
Visserijbuurt,Buurt,437.34255130425595,274.31547978382696,4
Rijslag,Buurt,479.5568439272522,309.8220380603254,72
Duindorp,Buurt,230.40344924447115,123.13139542387478,100
Statenkwartier,Buurt,477.12112312933203,334.62745421158877,7
Geuzenkwartier,Buurt,371.09771595022823,267.4444252798401,8
Zorgvliet,Buurt,388.26662713515043,272.13337286484955,41
Stadhoudersplantsoen,Buurt,403.83520274137203,314.2260217484239,42
Sweelinckplein en omgeving,Buurt,461.27324936894126,340.40489176703113,43
Bloemenbuurt-West,Buurt,396.179254397556,274.5472413289397,50
Bloemenbuurt-Oost,Buurt,390.0953093302402,251.97899407533257,51
Bomenbuurt,Buurt,430.9910361497244,279.73360153143506,52
Vogelwijk,Buurt,483.5285908882368,353.5835586444735,9
Bosjes van Pex,Buurt,426.88600083649976,293.1139991635003,81
Bohemen en Meer en Bos,Buurt,414.47517764272146,324.58836750778016,92
Ockenburgh,Buurt,494.0214622682335,341.324449681452,90
Kijkduin,Buurt,423.345144204495,341.654855795505,91
Kraayenstein,Buurt,328.13232426080964,205.85916510089248,97
Houtwijk,Buurt,273.3129091721969,161.94450112421498,86
Kom Loosduinen,Buurt,323.0179990208003,208.60009143146104,95
Waldeck-Zuid,Buurt,332.10257886204363,220.82125406178932,6
Nieuw Waldeck,Buurt,325.1067528882001,192.68104184134216,40
Rosenburg,Buurt,328.55461814188504,230.72373237357886,82
Componistenbuurt,Buurt,440.01884748985094,299.32361826357374,93
Waldeck-Noord,Buurt,318.823941507538,256.8903442067477,94
Vruchtenbuurt,Buurt,382.6838015482132,245.5646283191978,53
Eykenduinen,Buurt,394.897160569293,256.33623601514716,83
Heesterbuurt,Buurt,389.46182561833814,219.77403036990574,54
Valkenboskwartier,Buurt,455.15663013845074,259.56571354322824,55
Rond de Energiecentrale,Buurt,290.5176269642548,184.6125157729408,10
Koningsplein en omgeving,Buurt,497.74607542886974,309.2638255612293,44
Zeeheldenkwartier,Buurt,377.2866579930285,241.9788548816022,45
Willemspark,Buurt,333.11076299910894,247.35903565860917,47
Haagse Bos,Buurt,349.02368565463655,256.62337316889284,49
Landen,Buurt,332.9213140590044,198.7469691611702,61
Kampen,Buurt,403.7803833163389,245.62898531909903,67
Marlot,Buurt,627.4820303442671,396.8657957426895,68
Burgen en Horsten,Buurt,362.6882763827078,227.2242136729803,69
Bezuidenhout-West,Buurt,170.68809714152175,104.92642799814305,64
Bezuidenhout-Midden,Buurt,429.6714417466237,280.3869013105525,65
Bezuidenhout-Oost,Buurt,427.01794748675206,277.3605208817274,66
Huygenspark,Buurt,331.00991291710733,173.423272643374,18
Rivierenbuurt-Zuid,Buurt,592.6673356522896,326.215017288887,62
Rivierenbuurt-Noord,Buurt,237.98363263792268,136.9621668200719,63
Kortenbos,Buurt,307.27352504027573,190.41719660920882,11
Voorhout,Buurt,440.945189294996,285.0845346965114,12
Uilebomen,Buurt,133.17748274472922,82.65585058860411,13
Zuidwal,Buurt,276.7813268140246,169.14459911190127,14
Schildersbuurt-West,Buurt,298.8652234672307,138.60200997237257,15
Schildersbuurt-Noord,Buurt,272.3181595604087,128.22765916768347,16
Schildersbuurt-Oost,Buurt,257.2914724528521,119.16080970482432,17
Transvaalkwartier-Noord,Buurt,319.93506610498156,147.0864801561084,32
Transvaalkwartier-Midden,Buurt,275.7856165501641,130.23835947381198,33
Transvaalkwartier-Zuid,Buurt,307.7430546749447,141.7800966726711,34
Rustenburg,Buurt,376.4561372410379,192.24878079174903,30
Oostbroek-Noord,Buurt,405.84510968661283,196.8548903133872,31
Oostbroek-Zuid,Buurt,410.11800321782664,194.46300236876556,35
Leyenburg,Buurt,287.7398539220479,159.2755719666174,84
"Venen, Oorden en Raden",Buurt,341.283871556907,168.03470735980818,87
"Zijden, Steden en Zichten",Buurt,317.91831191182746,157.24092375696233,96
Dreven en Gaarden,Buurt,301.3385551562269,151.32441294363443,98
De Uithof,Buurt,418.8098299661783,285.32060481643043,99
Morgenstond-Zuid,Buurt,339.3354601616533,169.38292095133147,80
Morgenstond-West,Buurt,241.91797639433796,123.5918142876337,88
Morgenstond-Oost,Buurt,340.84253595087307,178.76178059588955,89
Zuiderpark,Buurt,398.3747459417194,374.1252540582806,36
Moerwijk-Oost,Buurt,288.38846594809866,147.3542599324526,20
Moerwijk-West,Buurt,314.91511437001253,159.77238562998744,37
Moerwijk-Noord,Buurt,372.4759336933213,182.30542831384716,38
Moerwijk-Zuid,Buurt,304.3192768368311,146.75681011969064,39
Groente- en Fruitmarkt,Buurt,314.26723513970387,144.96136316697536,21
Laakhaven-Oost,Buurt,239.7717048839722,110.5986654863982,19
Laakhaven-West,Buurt,312.3313295887312,149.75578474883687,22
Spoorwijk,Buurt,177.27318158037318,83.2913345486591,23
Laakkwartier-West,Buurt,401.78396655278345,197.1275980730669,24
Laakkwartier-Oost,Buurt,412.8894377919944,200.63814227918,25
Noordpolderbuurt,Buurt,355.4313965966022,172.39963995222945,26
Binckhorst,Buurt,3.007596228159276,2.1320685763099982,60
Erasmus Veld,Buurt,191.26818453079855,119.07984331142883,101
Hoge Veld,Buurt,44.35797139440488,23.022569768519702,102
Parkbuurt oosteinde,Buurt,271.90117164478676,159.36866962505454,103
Lage Veld,Buurt,230.45488628519425,132.6022899108384,104
Zonne Veld,Buurt,243.22441519020498,129.08663132142294,105
Vlietzoom-West,Buurt,589.7972698606574,420.20273013934263,106
Bosweide,Buurt,0.0,0.0,108
De Venen,Buurt,8.531532659332877,4.374450246650031,111
Morgenweide,Buurt,0.0,0.0,112
Singels,Buurt,140.26568071798377,78.46532911222178,113
Waterbuurt,Buurt,24.80851142483396,13.20195977935452,114
De Bras,Buurt,10.590355907381175,5.506996782627365,115
Vlietzoom-Oost,Buurt,637.7314698342356,491.76853016576445,116
De Lanen,Buurt,216.61678585869657,115.29567846099894,118
De Velden,Buurt,225.79209782366527,131.83823392988924,119
De Vissen,Buurt,231.0536607034506,136.5007190731514,120
Rietbuurt,Buurt,234.30015988701476,121.59820671915581,121
